Name,Workspace
1q,bluelinemd
site,bluelinemd
dashcore,bluelinemd
rewindapp,bludelego
rewind_ios,bludelego
rewindandroid,bludelego
etnacoffee_ios,bludelego
geatech_ios,bludelego
geatech_android,bludelego
etnacofee-android,bludelego
pallinagelateria_ios,bludelego
pallinagelateria_android,bludelego
abc-rifiuti,bludelego
newco_ios,bludelego
ethansustainability_ios,bludelego
perfect-test-server,bludelego
newco_android,bludelego
abc_rifiuti_android,bludelego
ethan-android,bludelego
rewindxamarin,bludelego
signature-demo,bludelego
pdfsignaturetest,bludelego
ethan_hr_ios,bludelego
ethanhr-android,bludelego
newgreenservice_ios,bludelego
rewind_xamarin_ios,bludelego
vanges_webapp,bludelego
borrauto,bludelego
ir,bludelego
redsystemios,bludelego
borrautowebapp,bludelego
bluehrios,bludelego
officeconnect,bludelego
rewindkotlin,bludelego
quizy,bludelego
mac_service_ios,bludelego
voicetrip_ios,bludelego
bludelego-blueline,bludelego
moro_group_ios,bludelego
medik_ios,bludelego
etruria_ios,bludelego
claudit_hr_ios,bludelego
mdg_group_ios,bludelego
eden_ios,bludelego
easy_work_ios,bludelego
cure_corporation_ios,bludelego
conte_ios,bludelego
abc-rifiuti-new,bludelego
core,blueline2
ethanplants,blueline2
xlux,blueline2
newco,blueline2
battistella,iurii_turcan
ethanhr,iurii_turcan
vanges,iurii_turcan
red-system,iurii_turcan
borrauto,iurii_turcan
macservice,iurii_turcan
tieffe,iurii_turcan
dany-confezioni,iurii_turcan
voicetrip,iurii_turcan
medik,iurii_turcan
neroni,iurii_turcan
etruria,iurii_turcan
bluelinehrflutter,iurii_turcan
mdg-group,iurii_turcan
eden,iurii_turcan
cure,iurii_turcan
nuxt-bludelego,nuxt-sites
nuxt-pallinagelateria,nuxt-sites
bs-nuxt-bludelego,sites-bludelego
bs-mammaluciana,sites-bludelego
bs-alta-consulenza,sites-bludelego
bs-rosolina,sites-bludelego
ar-aguiari,sites-bludelego
ar-simec,sites-bludelego
oc-baganza-3,sites-bludelego
bs-federico-marras,sites-bludelego
ar-luppi,sites-bludelego
bs-why-not-caffe,sites-bludelego
campingvittoria,sites-bludelego
wp-pallinagelateria-ro,sites-bludelego
bs-moonflower,sites-bludelego
bs-non-solo-pizza,sites-bludelego
bs-aldobrandini,sites-bludelego
bs-bludelego-new,sites-bludelego
ms-pizzavoglia,sites-bludelego
bs-micci-giovani,sites-bludelego
ms-newblueline,sites-bludelego
bs-fep,sites-bludelego
ancelle,sites-bludelego
ar-califa,sites-bludelego
ar-tecno,sites-bludelego
ar-delorenziceramiche,sites-bludelego
ar-marazzi,sites-bludelego
ar-studiomanicardi,sites-bludelego
bs-barani,sites-bludelego
ar-remaxclass,sites-bludelego
bs-iconsulentiimmobiliari,sites-bludelego
ar-rubiera,sites-bludelego
bs-imprendocasa,sites-bludelego
bs-papavero,sites-bludelego
bs-bertan,sites-bludelego
bs-segalerba,sites-bludelego
bs-negozio-ferrara,sites-bludelego
bs-consorzio,sites-bludelego
bs-delisa,sites-bludelego
bs-madison,sites-bludelego
bs-spacefood-ro,sites-bludelego
borgoluce-shop,sites-bludelego
bs-borgoluce,sites-bludelego
bs-ilpasticciere,sites-bludelego
ar-segnalibro,sites-bludelego
bs-piscozzo,sites-bludelego
bs-modena,sites-bludelego
bs-pasticceriamiccifabio,sites-bludelego
bs-zuccato,sites-bludelego
bs-merceriamaura,sites-bludelego
bs-chiusagiorgio,sites-bludelego
bs-lescoiffeuses,sites-bludelego
bs-elieana,sites-bludelego
bs-ottico-rachele,sites-bludelego
bs_gamerecords,sites-bludelego
bs-studiobazzo,sites-bludelego
bs-ideagelato,sites-bludelego
bs-fava,sites-bludelego
ar-battecca,sites-bludelego
ar-mefinserramenti,sites-bludelego
ar-orlandini,sites-bludelego
ar-karinalashmaker-shop,sites-bludelego
ar-dalladegio,sites-bludelego
ar-cibarium,sites-bludelego
ar-mcd,sites-bludelego
ar-karinalashmaker,sites-bludelego
ar-micciadolfo,sites-bludelego
ar-gea,sites-bludelego
ar-langolodipe,sites-bludelego
ar-atavola,sites-bludelego
ar-fortin,sites-bludelego
ar-coopiris,sites-bludelego
ar-sanvitale,sites-bludelego
ar-tedeschi,sites-bludelego
ar-negoziamo,sites-bludelego
ar-cfp,sites-bludelego
macelleriazaiatomasella,sites-bludelego
trattoriacaprini,sites-bludelego
ar-altes,sites-bludelego
ar-micci-commerce,sites-bludelego
restauro-serramenti,sites-bludelego
ar-ristorante5-20,sites-bludelego
gabanel,sites-bludelego
ar-arco2000,sites-bludelego
bs-lagelatteria,sites-bludelego
bs-sanitaria,sites-bludelego
case-da-sogno,sites-bludelego
mbf-evolution,sites-bludelego
bs_lk_automation,sites-bludelego
ms-centro-elaborazione,sites-bludelego
bs_autotransporti_agliari,sites-bludelego
bs-freehouse,sites-bludelego
ar-immaginecasa,sites-bludelego
ar-vallalta,sites-bludelego
bs-village,sites-bludelego
excont.ro,sites-bludelego
ar-crypto,sites-bludelego
ms-saccosase-real-estate,sites-bludelego
bs-immobiliare-vecchi,sites-bludelego
ms-24max,sites-bludelego
bs-sacco,sites-bludelego
ar-nino,sites-bludelego
bs-new-energy,sites-bludelego
bs-salumificio-tarasconi,sites-bludelego
ar-ediltre,sites-bludelego
bs-chiaravanni,sites-bludelego
ms-de-lao,sites-bludelego
bs-evadecor,sites-bludelego
ms-rotary,sites-bludelego
bs-argroup,sites-bludelego
ms-telis,sites-bludelego
ar-mbm-blog,sites-bludelego
bs-chioggia,sites-bludelego
bs-gaudenzi,sites-bludelego
ar-mezzaparte,sites-bludelego
ms-foce,sites-bludelego
ms-remax-abacus,sites-bludelego
bs-voicetrip,sites-bludelego
bs-orbafless,sites-bludelego
bs-california,sites-bludelego
bs-retailpro,sites-bludelego
html-retailpro,sites-bludelego
an-ilvaporificio,sites-bludelego
ar-vittoria-theme,sites-bludelego
an-sollevo,sites-bludelego
ar-csc-cesena,sites-bludelego
html-weelness,sites-bludelego
ms-lugli-gloria,sites-bludelego
bs-andrea-braglia,sites-bludelego
bn-vertop,sites-bludelego
bs-cose-cosi,sites-bludelego
ar-locanda-nazionale,sites-bludelego
bs-fima,sites-bludelego
ar-brava,sites-bludelego
bs-gulp,sites-bludelego
bs-casamy,sites-bludelego
bd-italcrafts,sites-bludelego
ar-camoglicase,sites-bludelego
base-ecommerce,sites-bludelego
ms-antica-salumeria-notari,sites-bludelego
ms-rosa-blue,sites-bludelego
ar-toyama,sites-bludelego
bs-caf,sites-bludelego
ms-divulgare,sites-bludelego
ar-essevi,sites-bludelego
bs-neon-lux,sites-bludelego
ms-pizzaromana,sites-bludelego
ms-forza4,sites-bludelego
ar-laforchetta,sites-bludelego
ar-spheragroup,sites-bludelego
ms-copar-servizi,sites-bludelego
bs-proseccoborgoluce,sites-bludelego
ar-sassatelli,sites-bludelego
bs-universal-ssd,sites-bludelego
an-camping-vittoria-2,sites-bludelego
bs-webpack,sites-bludelego
ms-sapori,sites-bludelego
ms-termoidraulica,sites-bludelego
fornace-landing,sites-bludelego
an-treviso,sites-bludelego
gulp-fonts,sites-bludelego
bs-immobile,sites-bludelego
bs-guidotti,sites-bludelego
ar-progetec,sites-bludelego
bs-abitat-group,sites-bludelego
ms-medik,sites-bludelego
bd-pertec,sites-bludelego
bs-giorizga,sites-bludelego
bs-case-in-sicilia,sites-bludelego
ms-fruit-sun,sites-bludelego
bs-immobile-agim,sites-bludelego
vue-medik,sites-bludelego
php-etnacoffee,sites-bludelego
bs-vue3,sites-bludelego
bs-mivebo,sites-bludelego
ms-ziroma,sites-bludelego
ar-inom,sites-bludelego
bi-centro-restauro-seramenti,sites-bludelego
bs-poltronificio-mazzotti-bruno,sites-bludelego
ms-casamargot,sites-bludelego
ms-tacchetti-fiori,sites-bludelego
bs-paolo-bertolini,sites-bludelego
base-ecommerce-vue3,sites-bludelego
ll-marydalu,sites-bludelego
bi-sami-web,sites-bludelego
bs-job-work,sites-bludelego
ll-bizzi-tedeschi,sites-bludelego
ar-marinaccio,sites-bludelego
bs-tecnoclima,sites-bludelego
nuxt-shop-altuofianco,sites-bludelego
ll-eleonora,sites-bludelego
bs-tenaxdiamanti,sites-bludelego
ll-geode,sites-bludelego
bs-ecodiagnostik,sites-bludelego
cc-s33,sites-bludelego
ll-mec2,sites-bludelego
bi-cm-international,sites-bludelego
neroni-dev,sites-bludelego
ll-rbcatering,sites-bludelego
cc-andreafarioli,sites-bludelego
vue-silcompa,sites-bludelego
bs-remax-collection,sites-bludelego
bs-dm-officine,sites-bludelego
ar-taricta,sites-bludelego
ar-unicosegno,sites-bludelego
lv-atfdevicesdev,sites-bludelego
lv-silcompa,sites-bludelego
ar-siced,sites-bludelego
cc-studio-spaggiari,sites-bludelego
cc-finato,sites-bludelego
bs-circolo-tennis,sites-bludelego
ar-foladori,sites-bludelego
ar-gymnasium,sites-bludelego
ml-prismatika,sites-bludelego
ml-rhino-house,sites-bludelego
ms-bluebike,sites-bludelego
bs-portfolio-altuofianco,sites-bludelego
bs-fra-le-case,sites-bludelego
lm-morini,sites-bludelego
bs-trezeta,sites-bludelego
lm-autoricambi,sites-bludelego
bs-euro-inn-advisory,sites-bludelego
lm-masini-adelino,sites-bludelego
bs-bertani,sites-bludelego
lm-gt-servizi,sites-bludelego
bs-diber,sites-bludelego
ar_leonalgo,sites-bludelego
lm-nadia-orru,sites-bludelego
bs-mad-aid,sites-bludelego
lm-stomatologica,sites-bludelego
lm-gotardi,sites-bludelego
bs-domo-services,sites-bludelego
lm-foresteria-del-cole,sites-bludelego
bs-mongolia-grill,sites-bludelego
bs-fm-barber-lab,sites-bludelego
lm-artplexiglass,sites-bludelego
bs-general-copper,sites-bludelego
bs-erzegovaz,sites-bludelego
bs-fratelli-bandini,sites-bludelego
bs-catellani-elettronica,sites-bludelego
lm-ceramiche-piran,sites-bludelego
bs-sbe,sites-bludelego
bs-milone-impianti,sites-bludelego
ar-camping-vittoria,sites-bludelego
lm-studio-associato-eg,sites-bludelego
ar-overdance,sites-bludelego
ar-negozio-ferrara,sites-bludelego
vsl,sites-bludelego
bs-cerkio-group,sites-bludelego
ar-sanleonardo,sites-bludelego
bs-liberia-scattisparsi,sites-bludelego
lm-baldi-piante-ornamentali,sites-bludelego
lm-daff-logistics,sites-bludelego
lm-powertech-srl-catellani-5-0,sites-bludelego
bs-rewind,sites-bludelego
bs-autofficina-miniotti,sites-bludelego
lm-dr-stefano-petrillo,sites-bludelego
bs-ferrara-pneumatici,sites-bludelego
ar-imed,sites-bludelego
bs-altuofianco-shop,sites-bludelego
bs-tpm-power-tech,sites-bludelego
lm-barbieri-ciocci-associati,sites-bludelego
bs-dalmas,sites-bludelego
lm-saip-srl,sites-bludelego
bs-sigma,sites-bludelego
lm-veniceplan,sites-bludelego
lm-cooking-dya,sites-bludelego
bs-fratelli-casarin,sites-bludelego
bs-officina-bmc,sites-bludelego
lm-agmr-villa-mimosa,sites-bludelego
bs-iole,sites-bludelego
lm-sirio-srl,sites-bludelego
bs-jenna-socci,sites-bludelego
bs-carlet-impresa-edile,sites-bludelego
bs-scuola-sci-sestriere,sites-bludelego
lm-gv-4x4,sites-bludelego
lm-circolo-noi-rosolina,sites-bludelego
vue-digital-menu,sites-bludelego
lm-cear,sites-bludelego
lm-noa-wgi-lab,sites-bludelego
ar-lanser,sites-bludelego
lm-iservice-tagicar,sites-bludelego
bs-la-colina,sites-bludelego
lm-triveneta-intagli,sites-bludelego
lm-arcobaleno-garda-home,sites-bludelego
bs-corazzin-bike,sites-bludelego
bs-studiobazza,sites-bludelego
bs-lfc-impianti,sites-bludelego
lm-liti-tecnologie-inox,sites-bludelego
universoconte,sites-bludelego
lm-coltelleria-massari,sites-bludelego
bs-industrial-project,sites-bludelego
bs-biesseclean,sites-bludelego
lm-onyma,sites-bludelego
bs-palazzetti-ortofrutta,sites-bludelego
oneair,oneair
rewind-ios,blueline-ios
test,blueline-ios
conte_ios,blueline-ios
gam,blueline-ios
etruria_ios,blueline-ios
bluehrios,blueline-ios
eden_ios,blueline-ios
easy_work_ios,blueline-ios
cure_corporation_ios,blueline-ios
mdg_group_ios,blueline-ios
mac_service_ios,blueline-ios
ethan_hr_ios,blueline-ios
medik_ios,blueline-ios
voicetrip_ios,blueline-ios
moro_group_ios,blueline-ios
borrauto,blueline-ios
rewindkotlin,blueline-android
gam,blueline-android
conte,blueline-android
ethan-android,blueline-android
ethanhr-android,blueline-android
gam_multiplatform,blueline-android
findme,blueline-android
bs-francesca-by-sottini,blueline-wordpress-sites
bs-vite,blueline-wordpress-sites
lm-hep-srl,blueline-wordpress-sites
bs-servizi-express-casa-24h,blueline-wordpress-sites
bs-area-51,blueline-wordpress-sites
ar-adamscorporate,blueline-wordpress-sites
ar-bludelego,blueline-wordpress-sites
bs-md-service,blueline-wordpress-sites
nuxt-digital-menu,blueline-wordpress-sites
lm-progeo,blueline-wordpress-sites
lm-ecomacchine,blueline-wordpress-sites
bs-unison,blueline-wordpress-sites
bs-bmp-modena,blueline-wordpress-sites
bs-fcep,blueline-wordpress-sites
bs-la-colina,blueline-wordpress-sites
bs-palazzetti-ortofrutta,blueline-wordpress-sites
bs-opera-loudspeakers,blueline-wordpress-sites
bs-corazzin-bike,blueline-wordpress-sites
bs-sigma,blueline-wordpress-sites
bs-case-in-sicilia,blueline-wordpress-sites
ar-remaxclass,blueline-wordpress-sites
bs-altuofianco-shop,blueline-wordpress-sites
lm-arcobaleno-garda-home,blueline-wordpress-sites
bs-fava,blueline-wordpress-sites
bs-diber,blueline-wordpress-sites
nuxt-gam-immobiliare,blueline-wordpress-sites
bs-pallina,blueline-wordpress-sites
vue-pdf-generator,blueline-wordpress-sites
bs-borgoluce-2,blueline-wordpress-sites
bs-gadda,blueline-wordpress-sites
lm-omp,blueline-wordpress-sites
lm-autotrasporti-deto-ve,blueline-wordpress-sites
ms-larosablu,blueline-wordpress-sites
bs-cascina-spinerola,blueline-wordpress-sites
bs-enerteck,blueline-wordpress-sites
lm-confagricoltura-veneto,blueline-wordpress-sites
bs-as-service,blueline-wordpress-sites
ib-athon,blueline-wordpress-sites
bs-monnalisa-apicella,blueline-wordpress-sites
lm-pasticceria-cake-lab,blueline-wordpress-sites
lm-sirio-srl,blueline-wordpress-sites
ar-fer,blueline-wordpress-sites
ar-thermo,blueline-wordpress-sites
ar-zanini,blueline-wordpress-sites
bs-eti-srl,blueline-wordpress-sites
bs-ergon-tecnica,blueline-wordpress-sites
bs-antiche-porte,blueline-wordpress-sites
bs-erapra-veneto,blueline-wordpress-sites
bs-profumeria-riccio,blueline-wordpress-sites
bs-emporio-del-auto,blueline-wordpress-sites
bs-casa-helen,blueline-wordpress-sites
ar-altuofianco,blueline-wordpress-sites
bs-remax-collection,blueline-wordpress-sites
lm-dr-stefano-petrillo,blueline-wordpress-sites
bs-abitat-group,blueline-wordpress-sites
bs-circolo-tennis,blueline-wordpress-sites
lm-coltelleria-massari,blueline-wordpress-sites
ag-emme-fer,blueline-wordpress-sites
lm-reggio-calor,blueline-wordpress-sites
lm-st-pav,blueline-wordpress-sites
ar-ajo,blueline-wordpress-sites
ms-antica-salumeria-notari,blueline-wordpress-sites
lm-vetemontana,blueline-wordpress-sites
bs-rewind-telecomunicazioni,blueline-wordpress-sites
ar-camping-vittoria,blueline-wordpress-sites
bs-clean-store,blueline-wordpress-sites
bs-scuola-sci-sestriere,blueline-wordpress-sites
ag-centro-diagnosi-auto,blueline-wordpress-sites
ar-aguiari,blueline-wordpress-sites
bs-general-copper,blueline-wordpress-sites
bs-ferrara-pneumatici,blueline-wordpress-sites
bs-poltronificio-mazzotti-bruno,blueline-wordpress-sites
bs-csm-servizi,blueline-wordpress-sites
ag-levante-service,blueline-wordpress-sites
bs-braus-immobiliare,blueline-wordpress-sites
bs-studio-modena-giancarlo,blueline-wordpress-sites
bs-rewind,blueline-wordpress-sites
bs-euro-inn-advisory,blueline-wordpress-sites
